"Police Precinct/Geographic Location","Location Type","Shootings","Overall DV","Population","Rate Population","Shooting Rate","Overall DV Rate","Actual  Shootings White","Expected Shootings White","Actual Shootings Black","Expected Shootings Black","Actual Shootings Asian PI","Expected Shootings Asian PI","Actual Shootings  American Indian AN","Expected Shootings American Indian AN","Actual Shootings Other","Expected Shootings Other","Actual  DIRs White","Expected DIRs White","Actual DIRs Black","Expected DIRs Black","Actual DIRs Asian PI","Expected DIRS Asian PI","Actual DIRs  American Indian AN","Expected DIRs American Indian AN","Actual DIRs Other","Expected DIRs Other","NYC Population White","NYC Population Black","NYC Population Asian PI","NYC Population American Indian AN","NYC Population Other","Actual Shootings Male","Expected Shootings Male","Actual Shootings Female","Expected Shootings Female","Actual DIR Male","Expected DIRs Male","Actual DIRs Female","Expected DIRs Female","NYC Population Male","NYC Population Female"
"1","Police Precinct","6","2,375","74,684","224,052","0.27","106",,,,,,,,,,,,,,,,,,,,,,,,,,,,,,,,,,,
"5","Police Precinct","14","2,529","52,533","157,599","0.89","160.47",,,,,,,,,,,,,,,,,,,,,,,,,,,,,,,,,,,
"6","Police Precinct","5","1,282","63,195","189,585","0.26","67.62",,,,,,,,,,,,,,,,,,,,,,,,,,,,,,,,,,,
"7","Police Precinct","34","5,530","58,019","174,057","1.95","317.71",,,,,,,,,,,,,,,,,,,,,,,,,,,,,,,,,,,
"9","Police Precinct","26","5,376","78,647","235,941","1.1","227.85",,,,,,,,,,,,,,,,,,,,,,,,,,,,,,,,,,,
"10","Police Precinct","19","3,522","59,220","177,660","1.07","198.24",,,,,,,,,,,,,,,,,,,,,,,,,,,,,,,,,,,
"13","Police Precinct","14","3,112","96,200","288,600","0.49","107.83",,,,,,,,,,,,,,,,,,,,,,,,,,,,,,,,,,,
"14","Police Precinct","29","2,969","24,370","73,110","3.97","406.1",,,,,,,,,,,,,,,,,,,,,,,,,,,,,,,,,,,
"17","Police Precinct","4","1,885","82,829","248,487","0.16","75.86",,,,,,,,,,,,,,,,,,,,,,,,,,,,,,,,,,,
"18","Police Precinct","10","3,105","60,539","181,617","0.55","170.96",,,,,,,,,,,,,,,,,,,,,,,,,,,,,,,,,,,
"19","Police Precinct","11","4,374","211,479","634,437","0.17","68.94",,,,,,,,,,,,,,,,,,,,,,,,,,,,,,,,,,,
"20","Police Precinct","14","2,457","108,963","326,889","0.43","75.16",,,,,,,,,,,,,,,,,,,,,,,,,,,,,,,,,,,
"22","Police Precinct","1","60","26","78","128.21","7,692.31",,,,,,,,,,,,,,,,,,,,,,,,,,,,,,,,,,,
"23","Police Precinct","112","12,804","75,217","225,651","4.96","567.42",,,,,,,,,,,,,,,,,,,,,,,,,,,,,,,,,,,
"24","Police Precinct","28","4,993","106,687","320,061","0.87","156",,,,,,,,,,,,,,,,,,,,,,,,,,,,,,,,,,,
"25","Police Precinct","117","7,982","50,975","152,925","7.65","521.96",,,,,,,,,,,,,,,,,,,,,,,,,,,,,,,,,,,
"26","Police Precinct","30","4,084","50,221","150,663","1.99","271.07",,,,,,,,,,,,,,,,,,,,,,,,,,,,,,,,,,,
"28","Police Precinct","87","5,686","47,140","141,420","6.15","402.06",,,,,,,,,,,,,,,,,,,,,,,,,,,,,,,,,,,
"30","Police Precinct","49","5,318","62,344","187,032","2.62","284.34",,,,,,,,,,,,,,,,,,,,,,,,,,,,,,,,,,,
"32","Police Precinct","151","13,411","73,512","220,536","6.85","608.11",,,,,,,,,,,,,,,,,,,,,,,,,,,,,,,,,,,
"33","Police Precinct","43","4,899","76,919","230,757","1.86","212.3",,,,,,,,,,,,,,,,,,,,,,,,,,,,,,,,,,,
"34","Police Precinct","118","7,420","112,830","338,490","3.49","219.21",,,,,,,,,,,,,,,,,,,,,,,,,,,,,,,,,,,
"40","Police Precinct","216","21,247","96,022","288,066","7.5","737.57",,,,,,,,,,,,,,,,,,,,,,,,,,,,,,,,,,,
"41","Police Precinct","103","11,702","54,379","163,137","6.31","717.31",,,,,,,,,,,,,,,,,,,,,,,,,,,,,,,,,,,
"42","Police Precinct","186","20,790","89,676","269,028","6.91","772.78",,,,,,,,,,,,,,,,,,,,,,,,,,,,,,,,,,,
"43","Police Precinct","139","26,111","178,611","535,833","2.59","487.3",,,,,,,,,,,,,,,,,,,,,,,,,,,,,,,,,,,
"44","Police Precinct","240","21,146","150,883","452,649","5.3","467.16",,,,,,,,,,,,,,,,,,,,,,,,,,,,,,,,,,,
"45","Police Precinct","44","9,333","121,727","365,181","1.2","255.57",,,,,,,,,,,,,,,,,,,,,,,,,,,,,,,,,,,
"46","Police Precinct","166","20,764","133,423","400,269","4.15","518.75",,,,,,,,,,,,,,,,,,,,,,,,,,,,,,,,,,,
"47","Police Precinct","194","24,222","156,922","470,766","4.12","514.52",,,,,,,,,,,,,,,,,,,,,,,,,,,,,,,,,,,
"48","Police Precinct","208","16,688","86,458","259,374","8.02","643.4",,,,,,,,,,,,,,,,,,,,,,,,,,,,,,,,,,,
"49","Police Precinct","84","12,406","116,029","348,087","2.41","356.41",,,,,,,,,,,,,,,,,,,,,,,,,,,,,,,,,,,
"50","Police Precinct","36","7,269","103,739","311,217","1.16","233.57",,,,,,,,,,,,,,,,,,,,,,,,,,,,,,,,,,,
"52","Police Precinct","124","18,079","144,943","434,829","2.85","415.77",,,,,,,,,,,,,,,,,,,,,,,,,,,,,,,,,,,
"60","Police Precinct","69","10,176","107,093","321,279","2.15","316.73",,,,,,,,,,,,,,,,,,,,,,,,,,,,,,,,,,,
"61","Police Precinct","29","6,971","161,037","483,111","0.6","144.29",,,,,,,,,,,,,,,,,,,,,,,,,,,,,,,,,,,
"62","Police Precinct","14","6,962","185,230","555,690","0.25","125.29",,,,,,,,,,,,,,,,,,,,,,,,,,,,,,,,,,,
"63","Police Precinct","47","6,876","109,309","327,927","1.43","209.68",,,,,,,,,,,,,,,,,,,,,,,,,,,,,,,,,,,
"66","Police Precinct","8","4,757","197,968","593,904","0.13","80.1",,,,,,,,,,,,,,,,,,,,,,,,,,,,,,,,,,,
"67","Police Precinct","189","16,716","156,762","470,286","4.02","355.44",,,,,,,,,,,,,,,,,,,,,,,,,,,,,,,,,,,
"68","Police Precinct","7","4,699","125,158","375,474","0.19","125.15",,,,,,,,,,,,,,,,,,,,,,,,,,,,,,,,,,,
"69","Police Precinct","106","9,637","85,197","255,591","4.15","377.05",,,,,,,,,,,,,,,,,,,,,,,,,,,,,,,,,,,
"70","Police Precinct","79","10,462","163,735","491,205","1.61","212.99",,,,,,,,,,,,,,,,,,,,,,,,,,,,,,,,,,,
"71","Police Precinct","95","8,152","100,765","302,295","3.14","269.67",,,,,,,,,,,,,,,,,,,,,,,,,,,,,,,,,,,
"72","Police Precinct","32","5,501","130,689","392,067","0.82","140.31",,,,,,,,,,,,,,,,,,,,,,,,,,,,,,,,,,,
"73","Police Precinct","286","21,419","91,255","273,765","10.45","782.39",,,,,,,,,,,,,,,,,,,,,,,,,,,,,,,,,,,
"75","Police Precinct","326","28,475","190,874","572,622","5.69","497.27",,,,,,,,,,,,,,,,,,,,,,,,,,,,,,,,,,,
"76","Police Precinct","39","3,432","45,494","136,482","2.86","251.46",,,,,,,,,,,,,,,,,,,,,,,,,,,,,,,,,,,
"77","Police Precinct","156","10,219","94,819","284,457","5.48","359.25",,,,,,,,,,,,,,,,,,,,,,,,,,,,,,,,,,,
"78","Police Precinct","17","2,966","71,129","213,387","0.8","139",,,,,,,,,,,,,,,,,,,,,,,,,,,,,,,,,,,
"79","Police Precinct","170","10,519","97,936","293,808","5.79","358.02",,,,,,,,,,,,,,,,,,,,,,,,,,,,,,,,,,,
"81","Police Precinct","124","8,755","66,666","199,998","6.2","437.75",,,,,,,,,,,,,,,,,,,,,,,,,,,,,,,,,,,
"83","Police Precinct","75","10,421","123,602","370,806","2.02","281.04",,,,,,,,,,,,,,,,,,,,,,,,,,,,,,,,,,,
"84","Police Precinct","30","3,032","59,800","179,400","1.67","169.01",,,,,,,,,,,,,,,,,,,,,,,,,,,,,,,,,,,
"88","Police Precinct","41","4,869","59,204","177,612","2.31","274.14",,,,,,,,,,,,,,,,,,,,,,,,,,,,,,,,,,,
"90","Police Precinct","55","7,118","128,995","386,985","1.42","183.93",,,,,,,,,,,,,,,,,,,,,,,,,,,,,,,,,,,
"94","Police Precinct","24","3,373","70,597","211,791","1.13","159.26",,,,,,,,,,,,,,,,,,,,,,,,,,,,,,,,,,,
"100","Police Precinct","41","4,555","50,969","152,907","2.68","297.89",,,,,,,,,,,,,,,,,,,,,,,,,,,,,,,,,,,
"101","Police Precinct","105","10,421","69,078","207,234","5.07","502.86",,,,,,,,,,,,,,,,,,,,,,,,,,,,,,,,,,,
"102","Police Precinct","46","10,729","149,373","448,119","1.03","239.42",,,,,,,,,,,,,,,,,,,,,,,,,,,,,,,,,,,
"103","Police Precinct","120","13,135","109,925","329,775","3.64","398.3",,,,,,,,,,,,,,,,,,,,,,,,,,,,,,,,,,,
"104","Police Precinct","24","9,729","175,571","526,713","0.46","184.71",,,,,,,,,,,,,,,,,,,,,,,,,,,,,,,,,,,
"105","Police Precinct","100","13,006","191,219","573,657","1.74","226.72",,,,,,,,,,,,,,,,,,,,,,,,,,,,,,,,,,,
"106","Police Precinct","46","10,918","124,271","372,813","1.23","292.85",,,,,,,,,,,,,,,,,,,,,,,,,,,,,,,,,,,
"107","Police Precinct","26","8,403","152,845","458,535","0.57","183.26",,,,,,,,,,,,,,,,,,,,,,,,,,,,,,,,,,,
"108","Police Precinct","23","6,404","130,735","392,205","0.59","163.28",,,,,,,,,,,,,,,,,,,,,,,,,,,,,,,,,,,
"109","Police Precinct","24","9,206","258,472","775,416","0.31","118.72",,,,,,,,,,,,,,,,,,,,,,,,,,,,,,,,,,,
"110","Police Precinct","41","9,527","177,077","531,231","0.77","179.34",,,,,,,,,,,,,,,,,,,,,,,,,,,,,,,,,,,
"111","Police Precinct","6","3,092","119,157","357,471","0.17","86.5",,,,,,,,,,,,,,,,,,,,,,,,,,,,,,,,,,,
"112","Police Precinct","4","3,721","114,395","343,185","0.12","108.43",,,,,,,,,,,,,,,,,,,,,,,,,,,,,,,,,,,
"113","Police Precinct","128","13,439","122,328","366,984","3.49","366.2",,,,,,,,,,,,,,,,,,,,,,,,,,,,,,,,,,,
"114","Police Precinct","82","14,154","213,768","641,304","1.28","220.71",,,,,,,,,,,,,,,,,,,,,,,,,,,,,,,,,,,
"115","Police Precinct","49","9,518","177,274","531,822","0.92","178.97",,,,,,,,,,,,,,,,,,,,,,,,,,,,,,,,,,,
"120","Police Precinct","82","14,159","118,853","356,559","2.3","397.1",,,,,,,,,,,,,,,,,,,,,,,,,,,,,,,,,,,
"121","Police Precinct","36","9,619","122,440","367,320","0.98","261.87",,,,,,,,,,,,,,,,,,,,,,,,,,,,,,,,,,,
"122","Police Precinct","7","8,201","140,202","420,606","0.17","194.98",,,,,,,,,,,,,,,,,,,,,,,,,,,,,,,,,,,
"123","Police Precinct","5","4,004","101,176","303,528","0.16","131.92",,,,,,,,,,,,,,,,,,,,,,,,,,,,,,,,,,,
"Bronx","Borough","1,740","209,757","1,432,812","4,298,436","4.05","487.98",,,,,,,,,,,,,,,,,,,,,,,,,,,,,,,,,,,
"Brooklyn","Borough","2,018","205,507","2,623,314","7,869,942","2.56","261.13",,,,,,,,,,,,,,,,,,,,,,,,,,,,,,,,,,,
"Manhattan","Borough","922","105,173","1,626,549","4,879,647","1.89","215.53",,,,,,,,,,,,,,,,,,,,,,,,,,,,,,,,,,,
"Queens","Borough","865","149,957","2,336,457","7,009,371","1.23","213.94",,,,,,,,,,,,,,,,,,,,,,,,,,,,,,,,,,,
"Staten Island","Borough","130","35,983","482,671","1,448,013","0.9","248.5",,,,,,,,,,,,,,,,,,,,,,,,,,,,,,,,,,,
"New York City","New York City","5,674",,,,,,"117","1,876","3,950","1,259","115","831","1","10","1,491","1,698","187,099","190,805","292,246","128,026","30,629","84,472","2,761","993","64,260","172,699","2,677,579","1,796,602","1,185,400","13,934","2,423,499","5,063","2,710","612","2,965","165,769","280,295","421,209","306,683","3,866,509","4,230,505"
